fdc_id,name_en,name_pt,category_en,category_pt,calories_per_100g,protein_per_100g,carbs_per_100g,fat_per_100g,fiber_per_100g,sodium_per_100g_mg
321358,"Hummus, commercial","Homus, comercial",Legumes and Legume Products,Leguminosas e derivados,229,7.35,14.9,17.1,5.4,438
321359,"Milk, reduced fat, fluid, 2% milkfat, with added vitamin A and vitamin D","Leite semidesnatado 2%, fluido, com adição de vitaminas A e D",Dairy and Egg Products,Laticínios e ovos,50,3.35,4.91,1.9,,39
321360,"Tomatoes, grape, raw","Tomate grape, cru",Vegetables and Vegetable Products,Hortaliças e produtos vegetais,27,0.83,5.51,0.63,2.1,6
321505,"Salt, table, iodized","Sal de cozinha, iodado",Spices and Herbs,Especiarias e ervas,,,,,,38700
321611,"Beans, snap, green, canned, regular pack, drained solids","Vagem, verde, enlatada, embalagem comum, sólidos escorridos",Vegetables and Vegetable Products,Hortaliças e produtos vegetais,21,1.04,4.11,0.39,,282
321900,"Broccoli, raw","Brócolis, cru",Vegetables and Vegetable Products,Hortaliças e produtos vegetais,32,2.57,6.29,0.34,2.4,36
322228,"Milk, lowfat, fluid, 1% milkfat, with added vitamin A and vitamin D","Leite semidesnatado 1%, fluido, com adição de vitaminas A e D",Dairy and Egg Products,Laticínios e ovos,43,3.38,5.19,0.95,,39
322559,"Milk, nonfat, fluid, with added vitamin A and vitamin D (fat free or skim)","Leite desnatado, fluido, com adição de vitaminas A e D (sem gordura)",Dairy and Egg Products,Laticínios e ovos,34,3.43,4.89,0.08,,41
322892,"Milk, whole, 3.25% milkfat, with added vitamin D","Leite integral 3,25%, com adição de vitamina D",Dairy and Egg Products,Laticínios e ovos,60,3.28,4.67,3.2,,38
323121,"Frankfurter, beef, unheated","Salsicha tipo frankfurter, bovina, não aquecida",Sausages and Luncheon Meats,Embutidos e carnes frias,314,11.7,2.89,28,,872
323294,"Nuts, almonds, dry roasted, with salt added","Amêndoas, torradas a seco, com adição de sal",Nut and Seed Products,"Nozes, castanhas e sementes",620,20.4,16.2,57.8,11,256
323444,"Cheese, ricotta, whole milk","Queijo ricota, de leite integral",Dairy and Egg Products,Laticínios e ovos,157,7.81,6.86,11,,105
323505,"Kale, raw","Couve, crua",Vegetables and Vegetable Products,Hortaliças e produtos vegetais,35,2.92,4.42,1.49,4.1,53
323604,"Egg, whole, raw, frozen, pasteurized","Ovo inteiro, cru, congelado, pasteurizado",Dairy and Egg Products,Laticínios e ovos,150,12.3,0.91,10.3,,121
323697,"Egg, white, raw, frozen, pasteurized","Clara de ovo, crua, congelada, pasteurizada",Dairy and Egg Products,Laticínios e ovos,48,10.1,0.74,0.16,,144
323793,"Egg, white, dried","Clara de ovo, desidratada",Dairy and Egg Products,Laticínios e ovos,376,79.9,6.02,0.65,,1250
324038,"Sauce, salsa, ready-to-serve","Molho salsa, pronto para servir","Soups, Sauces, and Gravies","Sopas, molhos e caldos",29,1.44,6.74,0.19,1.8,656
324157,"Sausage, breakfast sausage, beef, pre-cooked, unprepared","Linguiça para café da manhã, bovina, pré-cozida, não preparada",Sausages and Luncheon Meats,Embutidos e carnes frias,328,13.3,3.37,28.7,,866
324317,"Onion rings, breaded, par fried, frozen, prepared, heated in oven","Anéis de cebola, empanados, pré-fritos, congelados, preparados, aquecidos no forno",Vegetables and Vegetable Products,Hortaliças e produtos vegetais,288,4.52,36.3,14.4,2.4,374
324653,"Pickles, cucumber, dill or kosher dill","Picles de pepino, com endro ou tipo kosher",Vegetables and Vegetable Products,Hortaliças e produtos vegetais,12,0.48,1.99,0.43,1,808
324860,"Peanut butter, smooth style, with salt","Pasta de amendoim, cremosa, com sal",Legumes and Legume Products,Leguminosas e derivados,597,22.5,22.3,51.1,4.8,429
325036,"Cheese, parmesan, grated","Queijo parmesão, ralado",Dairy and Egg Products,Laticínios e ovos,421,29.6,12.4,28,,1750
325198,"Cheese, pasteurized process, American, vitamin D fortified","Queijo processado pasteurizado, tipo americano, fortificado com vitamina D",Dairy and Egg Products,Laticínios e ovos,366,18,5.27,30.6,,1660
325287,"Grapefruit juice, white, canned or bottled, unsweetened","Suco de toranja branca, enlatado ou engarrafado, sem açúcar",Fruits and Fruit Juices,Frutas e sucos de frutas,37,0.55,7.59,0.7,0.2,1
325430,"Peaches, yellow, raw","Pêssego amarelo, cru",Fruits and Fruit Juices,Frutas e sucos de frutas,42,0.91,10.1,0.27,1.5,13
325524,"Seeds, sunflower seed kernels, dry roasted, with salt added","Sementes de girassol descascadas, torradas a seco, com adição de sal",Nut and Seed Products,"Nozes, castanhas e sementes",612,21,17.1,56.1,10.3,532
325658,"Sausage, Italian, pork, mild, cooked, pan-fried","Linguiça italiana suína, suave, cozida, frita na frigideira",Sausages and Luncheon Meats,Embutidos e carnes frias,322,18.2,2.15,26.2,,766
325871,"Bread, white, commercially prepared","Pão branco, preparado comercialmente",Baked Products,Produtos de panificação,270,9.43,49.2,3.59,2.3,477
325992,"Sausage, turkey, breakfast links, mild, raw","Linguiça de peru para café da manhã, em gomos, suave, crua",Sausages and Luncheon Meats,Embutidos e carnes frias,169,16.7,0.93,10.4,,599
326135,"Cheese, swiss",Queijo suíço,Dairy and Egg Products,Laticínios e ovos,393,27,1.44,31,,185
326196,"Kale, frozen, cooked, boiled, drained, without salt","Couve, congelada, cozida em água, escorrida, sem sal",Vegetables and Vegetable Products,Hortaliças e produtos vegetais,36,2.94,5.3,1.21,,16
326458,"Carrots, frozen, unprepared (Includes foods for USDA's Food Distribution Program)","Cenoura, congelada, não preparada (inclui alimentos do Programa de Distribuição de Alimentos do USDA)",Vegetables and Vegetable Products,Hortaliças e produtos vegetais,37,0.81,7.92,0.47,3.2,66
326698,"Mustard, prepared, yellow","Mostarda amarela, preparada",Spices and Herbs,Especiarias e ervas,61,4.25,5.3,3.38,4.3,1100
326905,"Figs, dried, uncooked","Figo seco, não cozido",Fruits and Fruit Juices,Frutas e sucos de frutas,249,3.3,63.9,0.92,9.8,10
327046,"Kiwifruit, green, raw","Kiwi verde, cru",Fruits and Fruit Juices,Frutas e sucos de frutas,58,1.06,14,0.44,3,5
327198,"Melons, cantaloupe, raw","Melão cantalupo, cru",Fruits and Fruit Juices,Frutas e sucos de frutas,34,0.82,8.16,0.18,0.8,30
327357,"Nectarines, raw","Nectarina, crua",Fruits and Fruit Juices,Frutas e sucos de frutas,39,1.06,9.18,0.28,1.5,13
327501,"Oranges, raw, navels (Includes foods for USDA's Food Distribution Program)","Laranja-baía, crua (inclui alimentos do Programa de Distribuição de Alimentos do USDA)",Fruits and Fruit Juices,Frutas e sucos de frutas,47,0.91,11.8,0.15,2,9
327699,"Strawberries, raw","Morango, cru",Fruits and Fruit Juices,Frutas e sucos de frutas,31,0.64,7.63,0.22,1.8,10
327923,"Lettuce, cos or romaine, raw","Alface romana, crua",Vegetables and Vegetable Products,Hortaliças e produtos vegetais,17,1.24,3.24,0.26,1.8,
328637,"Cheese, cheddar",Queijo cheddar,Dairy and Egg Products,Laticínios e ovos,408,23.3,2.44,34,,654
328841,"Cheese, cottage, lowfat, 2% milkfat","Queijo cottage, semidesnatado, 2% de gordura",Dairy and Egg Products,Laticínios e ovos,84,11,4.31,2.3,,321
329370,"Cheese, mozzarella, low moisture, part-skim","Queijo muçarela, de baixa umidade, parcialmente desnatado",Dairy and Egg Products,Laticínios e ovos,298,23.7,4.44,20.4,,699
329490,"Egg, whole, dried","Ovo inteiro, desidratado",Dairy and Egg Products,Laticínios e ovos,575,48.1,1.87,39.8,,485
329596,"Egg, yolk, raw, frozen, pasteurized","Gema de ovo, crua, congelada, pasteurizada",Dairy and Egg Products,Laticínios e ovos,296,15.6,0.59,25.1,,66
329716,"Egg, yolk, dried","Gema de ovo, desidratada",Dairy and Egg Products,Laticínios e ovos,654,34.2,1.07,55.5,,149
329830,"Cheese, dry white, queso seco",Queijo branco seco (queso seco),Dairy and Egg Products,Laticínios e ovos,326,24.5,2.07,24.3,,1810
330137,"Yogurt, Greek, plain, nonfat","Iogurte grego natural, desnatado",Dairy and Egg Products,Laticínios e ovos,61,10.3,3.64,0.37,,36
330415,"Yogurt, Greek, strawberry, nonfat","Iogurte grego de morango, desnatado",Dairy and Egg Products,Laticínios e ovos,83,8.06,12.2,0.15,0.6,32
330458,"Oil, coconut",Óleo de coco,Fats and Oils,Gorduras e óleos,833,0,0.84,99.1,,0
330869,"Turkey, ground, 93% lean, 7% fat, pan-broiled crumbles","Peru moído, 93% magro e 7% de gordura, em pedaços dourados na frigideira",Poultry Products,Produtos de aves,220,27.1,0,11.6,,90
331897,"Chicken, broilers or fryers, drumstick, meat only, cooked, braised","Frango de corte, coxa, somente carne, cozida, braseada",Poultry Products,Produtos de aves,156,23.9,0,5.95,,117
331960,"Chicken, broiler or fryers, breast, skinless, boneless, meat only, cooked, braised","Frango de corte, peito sem pele e sem osso, somente carne, cozido, braseado",Poultry Products,Produtos de aves,166,32.1,0,3.24,,47
332282,"Sauce, pasta, spaghetti/marinara, ready-to-serve","Molho para massa, espaguete/marinara, pronto para servir","Soups, Sauces, and Gravies","Sopas, molhos e caldos",45,1.41,8.05,1.48,1.8,419
332397,"Ham, sliced, pre-packaged, deli meat (96%fat free, water added)","Presunto fatiado, pré-embalado, tipo frios (96% sem gordura, com adição de água)",Sausages and Luncheon Meats,Embutidos e carnes frias,106,16.7,0.27,3.73,,1040
332597,"Pears, raw, bartlett (Includes foods for USDA's Food Distribution Program)","Pera Bartlett, crua (inclui alimentos do Programa de Distribuição de Alimentos do USDA)",Fruits and Fruit Juices,Frutas e sucos de frutas,57,0.38,15.1,0.16,3.1,7
332791,"Olives, green, Manzanilla, stuffed with pimiento","Azeitona verde Manzanilla, recheada com pimentão",Fruits and Fruit Juices,Frutas e sucos de frutas,130,1.15,4.96,12.9,4,1620
332864,"Sausage, pork, chorizo, link or ground, cooked, pan-fried","Linguiça suína tipo chorizo, em gomos ou moída, cozida, frita na frigideira",Sausages and Luncheon Meats,Embutidos e carnes frias,346,19.3,2.63,28.1,,983
333008,"Cookies, oatmeal, soft, with raisins",Biscoito macio de aveia com passas,Baked Products,Produtos de panificação,430,5.79,69.6,14.3,3.3,314
333281,"Tomatoes, canned, red, ripe, diced","Tomate vermelho maduro, enlatado, em cubos",Vegetables and Vegetable Products,Hortaliças e produtos vegetais,18,0.84,3.32,0.5,,125
333374,"Fish, haddock, raw","Peixe haddock (eglefino), cru",Finfish and Shellfish Products,Peixes e frutos do mar,74,16.3,0,0.45,,213
333476,"Fish, pollock, raw","Peixe pollock, cru",Finfish and Shellfish Products,Peixes e frutos do mar,56,12.3,0,0.41,,333
334194,"Fish, tuna, light, canned in water, drained solids","Atum claro, enlatado em água, sólidos escorridos",Finfish and Shellfish Products,Peixes e frutos do mar,90,19,0.08,0.94,,219
334247,"Sugars, granulated",Açúcar granulado,Sweets,Doces,385,0,99.6,0.32,,1
334462,"Restaurant, Chinese, sweet and sour pork","Restaurante chinês, carne suína agridoce",Restaurant Foods,Alimentos de restaurante,260,8.88,25.5,13.6,1,304
334536,"Restaurant, Chinese, fried rice, without meat","Restaurante chinês, arroz frito sem carne",Restaurant Foods,Alimentos de restaurante,174,3.84,32.5,3.19,,361
334628,"Restaurant, Latino, tamale, pork","Restaurante latino, tamal de carne suína",Restaurant Foods,Alimentos de restaurante,174,7.38,15.8,9.04,2.4,473
334720,"Restaurant, Latino, pupusas con frijoles (pupusas, bean)","Restaurante latino, pupusas con frijoles (pupusas de feijão)",Restaurant Foods,Alimentos de restaurante,229,5.59,31.5,9.01,5.8,305
334849,"Beef, loin, top loin steak, boneless, lip-on, separable lean only, trimmed to 1/8"" fat, choice, raw","Carne bovina, lombo, bife de contrafilé, sem osso, com capa lateral, somente parte magra, aparado a 1/8"" de gordura, padrão Choice, cru",Beef Products,Produtos bovinos,155,22.8,0,6.39,,45
334897,"Beef, loin, tenderloin roast, separable lean only, boneless, trimmed to 0"" fat, select, cooked, roasted","Carne bovina, lombo, peça de filé-mignon para assar, sem osso, somente parte magra, aparada a 0"" de gordura, padrão Select, cozida, assada",Beef Products,Produtos bovinos,176,27.7,0,6.36,,54
334898,"Beef, round, eye of round roast, boneless, separable lean only, trimmed to 0"" fat, select, raw","Carne bovina, coxão, peça de lagarto para assar, sem osso, somente parte magra, aparada a 0"" de gordura, padrão Select, crua",Beef Products,Produtos bovinos,122,23.4,0,2.48,,50
334963,"Beef, round, top round roast, boneless, separable lean only, trimmed to 0"" fat, select, raw","Carne bovina, coxão, peça de coxão mole para assar, sem osso, somente parte magra, aparada a 0"" de gordura, padrão Select, crua",Beef Products,Produtos bovinos,123,23.7,0,2.41,,55
335061,"Beef, short loin, t-bone steak, bone-in, separable lean only, trimmed to 1/8"" fat, choice, cooked, grilled","Carne bovina, lombo curto, bife T-bone com osso, somente parte magra, aparado a 1/8"" de gordura, padrão Choice, cozido, grelhado",Beef Products,Produtos bovinos,219,27.3,0,11.4,,67
335109,"Beef, short loin, porterhouse steak, separable lean only, trimmed to 1/8"" fat, select, raw","Carne bovina, lombo curto, bife porterhouse, somente parte magra, aparado a 1/8"" de gordura, padrão Select, cru",Beef Products,Produtos bovinos,145,22.7,0,5.32,,43
335240,"Bread, whole-wheat, commercially prepared","Pão integral, preparado comercialmente",Baked Products,Produtos de panificação,254,12.3,43.1,3.55,6,450
335245,"Beans, Dry, Dark Red Kidney (0% moisture)","Feijão kidney vermelho-escuro, seco (0% de umidade)",Legumes and Legume Products,Leguminosas e derivados,,25.9,,1.31,4.3,
335306,"Beans, Dry, Pink (0% moisture)","Feijão rosado, seco (0% de umidade)",Legumes and Legume Products,Leguminosas e derivados,,23.4,,1.2,4.1,
335419,"Beans, Dry, Navy (0% moisture)","Feijão navy, seco (0% de umidade)",Legumes and Legume Products,Leguminosas e derivados,,24.1,,1.51,4.3,
335422,"Beans, Dry, Light Red Kidney (0% moisture)","Feijão kidney vermelho-claro, seco (0% de umidade)",Legumes and Legume Products,Leguminosas e derivados,,25,,1.03,4.5,
335425,"Beans, Dry, Brown (0% moisture)","Feijão marrom, seco (0% de umidade)",Legumes and Legume Products,Leguminosas e derivados,,25.6,,1.12,4.1,
335428,"Beans, Dry, Flor de Mayo (0% moisture)","Feijão Flor de Mayo, seco (0% de umidade)",Legumes and Legume Products,Leguminosas e derivados,,23.3,,0.86,4,
335433,"Beans, Dry, Carioca (0% moisture)","Feijão carioca, seco (0% de umidade)",Legumes and Legume Products,Leguminosas e derivados,,25.2,,1.44,4.5,
335442,"Beans, Dry, Tan (0% moisture)","Feijão bege, seco (0% de umidade)",Legumes and Legume Products,Leguminosas e derivados,,26.8,,1.14,4.4,
335695,"Beans, Dry, Pinto (0% moisture)","Feijão pinto, seco (0% de umidade)",Legumes and Legume Products,Leguminosas e derivados,,23.7,,1.24,4.1,
335774,"Beans, Dry, Small Red (0% moisture)","Feijão vermelho pequeno, seco (0% de umidade)",Legumes and Legume Products,Leguminosas e derivados,,23.5,,1.28,4.1,
335777,"Beans, Dry, Medium Red (0% moisture)","Feijão vermelho médio, seco (0% de umidade)",Legumes and Legume Products,Leguminosas e derivados,,25.5,,1.04,4.3,
335782,"Beans, Dry, Cranberry (0% moisture)","Feijão cranberry (borlotti), seco (0% de umidade)",Legumes and Legume Products,Leguminosas e derivados,,24.4,,1.23,4.3,
335785,"Beans, Dry, Light Tan (0% moisture)","Feijão bege-claro, seco (0% de umidade)",Legumes and Legume Products,Leguminosas e derivados,,24.6,,1.28,4.3,
335912,"Beans, Dry, Black (0% moisture)","Feijão preto, seco (0% de umidade)",Legumes and Legume Products,Leguminosas e derivados,,24.4,,1.45,4.2,
335927,"Beans, Dry, Small White (0% moisture)","Feijão branco pequeno, seco (0% de umidade)",Legumes and Legume Products,Leguminosas e derivados,,24.5,,1.32,4.3,
335930,"Beans, Dry, Red (0% moisture)","Feijão vermelho, seco (0% de umidade)",Legumes and Legume Products,Leguminosas e derivados,,21.3,,1.16,4,
336067,"Beans, Dry, Great Northern (0% moisture)","Feijão Great Northern, seco (0% de umidade)",Legumes and Legume Products,Leguminosas e derivados,,24.7,,1.24,4.3,
746758,"Beef, loin, tenderloin roast, separable lean only, boneless, trimmed to 0"" fat, select, cooked, roasted","Carne bovina, lombo, peça de filé-mignon para assar, sem osso, somente parte magra, aparada a 0"" de gordura, padrão Select, cozida, assada",Beef Products,Produtos bovinos,176,27.7,0,6.36,,54
746759,"Beef, loin, top loin steak, boneless, lip-on, separable lean only, trimmed to 1/8"" fat, choice, raw","Carne bovina, lombo, bife de contrafilé, sem osso, com capa lateral, somente parte magra, aparado a 1/8"" de gordura, padrão Choice, cru",Beef Products,Produtos bovinos,155,22.8,0,6.39,,45
746760,"Beef, round, eye of round roast, boneless, separable lean only, trimmed to 0"" fat, select, raw","Carne bovina, coxão, peça de lagarto para assar, sem osso, somente parte magra, aparada a 0"" de gordura, padrão Select, crua",Beef Products,Produtos bovinos,122,23.4,0,2.48,,50
746761,"Beef, round, top round roast, boneless, separable lean only, trimmed to 0"" fat, select, raw","Carne bovina, coxão, peça de coxão mole para assar, sem osso, somente parte magra, aparada a 0"" de gordura, padrão Select, crua",Beef Products,Produtos bovinos,123,23.7,0,2.41,,55
746762,"Beef, short loin, porterhouse steak, separable lean only, trimmed to 1/8"" fat, select, raw","Carne bovina, lombo curto, bife porterhouse, somente parte magra, aparado a 1/8"" de gordura, padrão Select, cru",Beef Products,Produtos bovinos,145,22.7,0,5.32,,43
746763,"Beef, short loin, t-bone steak, bone-in, separable lean only, trimmed to 1/8"" fat, choice, cooked, grilled","Carne bovina, lombo curto, bife T-bone com osso, somente parte magra, aparado a 1/8"" de gordura, padrão Choice, cozido, grelhado",Beef Products,Produtos bovinos,219,27.3,0,11.4,,67
746764,"Carrots, frozen, unprepared","Cenoura, congelada, não preparada",Vegetables and Vegetable Products,Hortaliças e produtos vegetais,37,0.81,7.92,0.47,3.2,66
746765,"Cheese, dry white, queso seco",Queijo branco seco (queso seco),Dairy and Egg Products,Laticínios e ovos,326,24.5,2.07,24.3,,1810
746766,"Cheese, ricotta, whole milk","Queijo ricota, de leite integral",Dairy and Egg Products,Laticínios e ovos,157,7.81,6.86,11,,105
746767,"Cheese, swiss",Queijo suíço,Dairy and Egg Products,Laticínios e ovos,393,27,1.44,31,,185
746768,"Figs, dried, uncooked","Figo seco, não cozido",Fruits and Fruit Juices,Frutas e sucos de frutas,249,3.3,63.9,0.92,9.8,10
746769,"Lettuce, cos or romaine, raw","Alface romana, crua",Vegetables and Vegetable Products,Hortaliças e produtos vegetais,17,1.24,3.24,0.26,1.8,
746770,"Melons, cantaloupe, raw","Melão cantalupo, cru",Fruits and Fruit Juices,Frutas e sucos de frutas,34,0.82,8.16,0.18,0.8,30
746771,"Oranges, raw, navels","Laranja-baía, crua",Fruits and Fruit Juices,Frutas e sucos de frutas,47,0.91,11.8,0.15,2,9
746772,"Milk, lowfat, fluid, 1% milkfat, with added vitamin A and vitamin D","Leite semidesnatado 1%, fluido, com adição de vitaminas A e D",Dairy and Egg Products,Laticínios e ovos,43,3.38,5.18,0.95,,39
746773,"Pears, raw, bartlett","Pera Bartlett, crua",Fruits and Fruit Juices,Frutas e sucos de frutas,57,0.38,15.1,0.16,3.1,7
746774,"Restaurant, Chinese, sweet and sour pork","Restaurante chinês, carne suína agridoce",Restaurant Foods,Alimentos de restaurante,260,8.88,25.5,13.6,1,304
746775,"Salt, table, iodized","Sal de cozinha, iodado",Spices and Herbs,Especiarias e ervas,0,,,,,38700
746776,"Milk, nonfat, fluid, with added vitamin A and vitamin D (fat free or skim)","Leite desnatado, fluido, com adição de vitaminas A e D (sem gordura)",Dairy and Egg Products,Laticínios e ovos,34,3.43,4.92,0.08,,41
746777,"Sauce, salsa, ready-to-serve","Molho salsa, pronto para servir","Soups, Sauces, and Gravies","Sopas, molhos e caldos",29,1.44,6.74,0.19,1.8,656
746778,"Milk, reduced fat, fluid, 2% milkfat, with added vitamin A and vitamin D","Leite semidesnatado 2%, fluido, com adição de vitaminas A e D",Dairy and Egg Products,Laticínios e ovos,50,3.36,4.9,1.9,,39
746779,"Sausage, breakfast sausage, beef, pre-cooked, unprepared","Linguiça para café da manhã, bovina, pré-cozida, não preparada",Sausages and Luncheon Meats,Embutidos e carnes frias,328,13.3,3.37,28.7,,866
746780,"Sausage, Italian, pork, mild, cooked, pan-fried","Linguiça italiana suína, suave, cozida, frita na frigideira",Sausages and Luncheon Meats,Embutidos e carnes frias,322,18.2,2.15,26.2,,766
746781,"Sausage, pork, chorizo, link or ground, cooked, pan-fried","Linguiça suína tipo chorizo, em gomos ou moída, cozida, frita na frigideira",Sausages and Luncheon Meats,Embutidos e carnes frias,346,19.3,2.63,28.1,,983
746782,"Milk, whole, 3.25% milkfat, with added vitamin D","Leite integral 3,25%, com adição de vitamina D",Dairy and Egg Products,Laticínios e ovos,60,3.27,4.63,3.2,,38
746783,"Sausage, turkey, breakfast links, mild, raw","Linguiça de peru para café da manhã, em gomos, suave, crua",Sausages and Luncheon Meats,Embutidos e carnes frias,169,16.7,0.93,10.4,,599
746784,"Sugars, granulated",Açúcar granulado,Sweets,Doces,385,0,99.6,0.32,,1
746785,"Turkey, ground, 93% lean, 7% fat, pan-broiled crumbles","Peru moído, 93% magro e 7% de gordura, em pedaços dourados na frigideira",Poultry Products,Produtos de aves,220,27.1,0,11.6,,90
746952,"Ham, sliced, restaurant","Presunto fatiado, de restaurante",Pork Products,Produtos suínos,121,19.6,2.36,3.68,,1030
747429,"Cheese, American, restaurant","Queijo americano, de restaurante",Dairy and Egg Products,Laticínios e ovos,375,17.5,6.35,31.1,,1600
747430,"Beans, Dry, Medium Red (0% moisture)","Feijão vermelho médio, seco (0% de umidade)",Legumes and Legume Products,Leguminosas e derivados,,25.5,,1.04,4.3,
747431,"Beans, Dry, Red (0% moisture)","Feijão vermelho, seco (0% de umidade)",Legumes and Legume Products,Leguminosas e derivados,,21.3,,1.16,4,
747432,"Beans, Dry, Flor de Mayo (0% moisture)","Feijão Flor de Mayo, seco (0% de umidade)",Legumes and Legume Products,Leguminosas e derivados,,23.3,,0.86,4,
747433,"Beans, Dry, Brown (0% moisture)","Feijão marrom, seco (0% de umidade)",Legumes and Legume Products,Leguminosas e derivados,,25.6,,1.12,4.1,
747434,"Beans, Dry, Tan (0% moisture)","Feijão bege, seco (0% de umidade)",Legumes and Legume Products,Leguminosas e derivados,,26.8,,1.14,4.4,
747435,"Beans, Dry, Light Tan (0% moisture)","Feijão bege-claro, seco (0% de umidade)",Legumes and Legume Products,Leguminosas e derivados,,24.6,,1.28,4.3,
747436,"Beans, Dry, Carioca (0% moisture)","Feijão carioca, seco (0% de umidade)",Legumes and Legume Products,Leguminosas e derivados,,25.2,,1.44,4.5,
747437,"Beans, Dry, Cranberry (0% moisture)","Feijão cranberry (borlotti), seco (0% de umidade)",Legumes and Legume Products,Leguminosas e derivados,,24.4,,1.23,4.3,
747438,"Beans, Dry, Light Red Kidney (0% moisture)","Feijão kidney vermelho-claro, seco (0% de umidade)",Legumes and Legume Products,Leguminosas e derivados,,25,,1.03,4.5,
747439,"Beans, Dry, Pink (0% moisture)","Feijão rosado, seco (0% de umidade)",Legumes and Legume Products,Leguminosas e derivados,,23.4,,1.2,4.1,
747440,"Beans, Dry, Dark Red Kidney (0% moisture)","Feijão kidney vermelho-escuro, seco (0% de umidade)",Legumes and Legume Products,Leguminosas e derivados,,25.9,,1.31,4.3,
747441,"Beans, Dry, Navy (0% moisture)","Feijão navy, seco (0% de umidade)",Legumes and Legume Products,Leguminosas e derivados,,24.1,,1.51,4.3,
747442,"Beans, Dry, Small White (0% moisture)","Feijão branco pequeno, seco (0% de umidade)",Legumes and Legume Products,Leguminosas e derivados,,24.5,,1.32,4.3,
747443,"Beans, Dry, Small Red (0% moisture)","Feijão vermelho pequeno, seco (0% de umidade)",Legumes and Legume Products,Leguminosas e derivados,,23.5,,1.28,4.1,
747444,"Beans, Dry, Black (0% moisture)","Feijão preto, seco (0% de umidade)",Legumes and Legume Products,Leguminosas e derivados,,24.4,,1.45,4.2,
747445,"Beans, Dry, Pinto (0% moisture)","Feijão pinto, seco (0% de umidade)",Legumes and Legume Products,Leguminosas e derivados,,23.7,,1.24,4.1,
747446,"Beans, Dry, Great Northern (0% moisture)","Feijão Great Northern, seco (0% de umidade)",Legumes and Legume Products,Leguminosas e derivados,,24.7,,1.24,4.3,
747447,"Broccoli, raw","Brócolis, cru",Vegetables and Vegetable Products,Hortaliças e produtos vegetais,31,2.57,6.27,0.34,2.4,36
747448,"Strawberries, raw","Morango, cru",Fruits and Fruit Juices,Frutas e sucos de frutas,31,0.64,7.63,0.22,1.8,10
747693,"Ketchup, restaurant","Ketchup, de restaurante",Vegetables and Vegetable Products,Hortaliças e produtos vegetais,117,1.11,26.8,0.55,,949
747997,"Eggs, Grade A, Large, egg white","Ovos classe A, grandes, clara de ovo",Dairy and Egg Products,Laticínios e ovos,55,10.7,2.36,0,,
748236,"Eggs, Grade A, Large, egg yolk","Ovos classe A, grandes, gema de ovo",Dairy and Egg Products,Laticínios e ovos,334,16.2,1.02,28.8,,
748278,"Oil, canola",Óleo de canola,Fats and Oils,Gorduras e óleos,,,,,,
748323,"Oil, corn",Óleo de milho,Fats and Oils,Gorduras e óleos,,,,,,
748366,"Oil, soybean",Óleo de soja,Fats and Oils,Gorduras e óleos,,,,,,
748608,"Oil, olive, extra virgin",Azeite de oliva extravirgem,Fats and Oils,Gorduras e óleos,,,,,,
748967,"Eggs, Grade A, Large, egg whole","Ovos classe A, grandes, ovo inteiro",Dairy and Egg Products,Laticínios e ovos,148,12.4,0.96,9.96,0,129
749420,"Pork, cured, bacon, cooked, restaurant","Carne suína, curada, bacon, cozido, de restaurante",Pork Products,Produtos suínos,500,40.9,2.1,36.5,,1830
789828,"Butter, stick, unsalted","Manteiga em barra, sem sal",Dairy and Egg Products,Laticínios e ovos,,,,81.5,,10
789890,"Flour, wheat, all-purpose, enriched, bleached","Farinha de trigo para uso geral, enriquecida, branqueada",Cereal Grains and Pasta,Cereais e massas,366,10.9,77.3,1.48,,2
789951,"Flour, wheat, all-purpose, enriched, unbleached","Farinha de trigo para uso geral, enriquecida, não branqueada",Cereal Grains and Pasta,Cereais e massas,358,13.1,73.2,1.48,,4
790018,"Flour, wheat, all-purpose, unenriched, unbleached","Farinha de trigo para uso geral, não enriquecida, não branqueada",Cereal Grains and Pasta,Cereais e massas,362,12,74.6,1.7,3,2
790085,"Flour, whole wheat, unenriched","Farinha de trigo integral, não enriquecida",Cereal Grains and Pasta,Cereais e massas,370,15.1,71.2,2.73,10.6,3
790146,"Flour, bread, white, enriched, unbleached","Farinha de trigo branca para pão, enriquecida, não branqueada",Cereal Grains and Pasta,Cereais e massas,363,14.3,72.8,1.65,,3
790214,"Flour, rice, white, unenriched","Farinha de arroz branca, não enriquecida",Cereal Grains and Pasta,Cereais e massas,359,6.94,79.8,1.3,0.5,5
790276,"Flour, corn, yellow, fine meal, enriched","Farinha de milho amarela, moagem fina, enriquecida",Cereal Grains and Pasta,Cereais e massas,364,6.2,80.8,1.74,4.3,0
790508,"Butter, stick, salted","Manteiga em barra, com sal",Dairy and Egg Products,Laticínios e ovos,,,,82.2,,524
790577,"Onions, red, raw","Cebola roxa, crua",Vegetables and Vegetable Products,Hortaliças e produtos vegetais,44,0.94,9.93,0.1,2.2,1
790646,"Onions, yellow, raw","Cebola amarela, crua",Vegetables and Vegetable Products,Hortaliças e produtos vegetais,38,0.83,8.61,0.05,1.9,1
790774,"Bananas, overripe, raw","Banana muito madura, crua",Fruits and Fruit Juices,Frutas e sucos de frutas,85,0.73,20.1,0.22,1.7,
790991,"Bananas, ripe and slightly ripe, raw","Banana madura ou quase madura, crua",Fruits and Fruit Juices,Frutas e sucos de frutas,97,0.74,23,0.29,1.7,0
1104647,"Garlic, raw","Alho, cru",Vegetables and Vegetable Products,Hortaliças e produtos vegetais,143,6.62,28.2,0.38,2.7,
1104705,"Flour, soy, defatted",Farinha de soja desengordurada,Legumes and Legume Products,Leguminosas e derivados,366,51.1,32.9,3.33,,2
1104766,"Flour, soy, full-fat",Farinha de soja integral,Legumes and Legume Products,Leguminosas e derivados,452,38.6,27.9,20.7,,2
1104812,"Flour, rice, brown",Farinha de arroz integral,Cereal Grains and Pasta,Cereais e massas,365.25,7.19,75.5,3.85,,1
1104867,"Flour, rice, glutinous",Farinha de arroz glutinoso,Cereal Grains and Pasta,Cereais e massas,358,6.69,80.1,1.16,,6
1104913,"Flour, pastry, unenriched, unbleached","Farinha de trigo para confeitaria, não enriquecida, não branqueada",Cereal Grains and Pasta,Cereais e massas,358,8.75,77.2,1.64,,1
1104962,"Onions, white, raw","Cebola branca, crua",Vegetables and Vegetable Products,Hortaliças e produtos vegetais,35,0.89,7.68,0.13,1.2,2
1105073,"Bananas, overripe, raw","Banana muito madura, crua",Fruits and Fruit Juices,Frutas e sucos de frutas,85,0.73,20.1,0.22,1.7,
1105314,"Bananas, ripe and slightly ripe, raw","Banana madura ou quase madura, crua",Fruits and Fruit Juices,Frutas e sucos de frutas,97,0.74,23,0.29,1.7,0
1105430,"Apples, red delicious, with skin, raw","Maçã Red Delicious, com casca, crua",Fruits and Fruit Juices,Frutas e sucos de frutas,62,0.19,14.8,0.21,2,0
1105547,"Apples, honeycrisp, with skin, raw","Maçã Honeycrisp, com casca, crua",Fruits and Fruit Juices,Frutas e sucos de frutas,60,0.1,14.7,0.1,1.7,0
1105664,"Apples, granny smith, with skin, raw","Maçã Granny Smith, com casca, crua",Fruits and Fruit Juices,Frutas e sucos de frutas,59,0.27,14.2,0.14,2.5,0
1105781,"Apples, gala, with skin, raw","Maçã Gala, com casca, crua",Fruits and Fruit Juices,Frutas e sucos de frutas,61,0.13,14.8,0.15,2.1,0
1105897,"Apples, fuji, with skin, raw","Maçã Fuji, com casca, crua",Fruits and Fruit Juices,Frutas e sucos de frutas,65,0.15,15.7,0.16,2.1,1
1750337,"Soy milk, unsweetened, plain, shelf stable","Bebida de soja, sem açúcar, natural, longa vida",Legumes and Legume Products,Leguminosas e derivados,38.485,3.546875,1.293125,2.125,0,34.28
1750338,"Almond milk, unsweetened, plain, shelf stable","Bebida de amêndoas, sem açúcar, natural, longa vida",Beverages,Bebidas,14.5562,0.5546875,0.3371125,1.221,0,59.58
1750339,"Apples, red delicious, with skin, raw","Maçã Red Delicious, com casca, crua",Fruits and Fruit Juices,Frutas e sucos de frutas,61.7893,0.1875,14.7817,0.2125,2.043,0
1750340,"Apples, fuji, with skin, raw","Maçã Fuji, com casca, crua",Fruits and Fruit Juices,Frutas e sucos de frutas,64.6609,0.1484375,15.6511625,0.1625,2.075,1.013
1750341,"Apples, gala, with skin, raw","Maçã Gala, com casca, crua",Fruits and Fruit Juices,Frutas e sucos de frutas,60.9536,0.1328125,14.7680875,0.15,2.109,0.2788
1750342,"Apples, granny smith, with skin, raw","Maçã Granny Smith, com casca, crua",Fruits and Fruit Juices,Frutas e sucos de frutas,58.8719,0.265625,14.142975,0.1375,2.514,0
1750343,"Apples, honeycrisp, with skin, raw","Maçã Honeycrisp, com casca, crua",Fruits and Fruit Juices,Frutas e sucos de frutas,60.034,0.1015625,14.6819375,0.1,1.721,0.1375
1750344,"Mushroom, lion's mane",Cogumelo juba-de-leão,Vegetables and Vegetable Products,Hortaliças e produtos vegetais,42.6655,2.5,7.5897,0.2563,,0.3363
1750345,"Mushroom, oyster",Cogumelo ostra,Vegetables and Vegetable Products,Hortaliças e produtos vegetais,41.0475,2.89875,6.94125,0.1875,,1.128
1750346,"Mushrooms, shiitake",Cogumelo shiitake,Vegetables and Vegetable Products,Hortaliças e produtos vegetais,44.095,2.414375,8.170625,0.195,,0.9363
1750347,"Mushrooms, white button",Cogumelo champignon branco,Vegetables and Vegetable Products,Hortaliças e produtos vegetais,31.2172,2.890625,4.079375,0.3708,,6.443
1750348,"Oil, peanut",Óleo de amendoim,Fats and Oils,Gorduras e óleos,,,,,,
1750349,"Oil, sunflower",Óleo de girassol,Fats and Oils,Gorduras e óleos,,,,,,
1750350,"Oil, safflower",Óleo de cártamo,Fats and Oils,Gorduras e óleos,,,,,,
1750351,"Oil, olive, extra light",Azeite de oliva extraleve,Fats and Oils,Gorduras e óleos,,,,,,
1750352,"Spinach, baby",Espinafre baby,Vegetables and Vegetable Products,Hortaliças e produtos vegetais,26.602,2.851875,2.406325,0.6188,1.558,111.4
1750353,"Spinach, mature",Espinafre maduro,Vegetables and Vegetable Products,Hortaliças e produtos vegetais,27.63,2.90625,2.64135,0.6044,1.588,106.6
1750354,"Tomato, roma",Tomate Roma,Vegetables and Vegetable Products,Hortaliças e produtos vegetais,21.9574,0.695625,3.837475,0.425,0.9706,0
1999626,"Mushroom, lion's mane",Cogumelo juba-de-leão,Vegetables and Vegetable Products,Hortaliças e produtos vegetais,42.6655,2.5,7.5897,0.2563,4.376,0.3363
1999627,"Mushroom, oyster",Cogumelo ostra,Vegetables and Vegetable Products,Hortaliças e produtos vegetais,41.0475,2.89875,6.94125,0.1875,2.85,1.128
1999628,"Mushrooms, shiitake",Cogumelo shiitake,Vegetables and Vegetable Products,Hortaliças e produtos vegetais,44.095,2.414375,8.170625,0.195,4.166,0.9363
1999629,"Mushrooms, white button",Cogumelo champignon branco,Vegetables and Vegetable Products,Hortaliças e produtos vegetais,31.2172,2.890625,4.079375,0.3708,1.717,6.443
1999630,"Soy milk, unsweetened, plain, shelf stable","Bebida de soja, sem açúcar, natural, longa vida",Legumes and Legume Products,Leguminosas e derivados,38.485,3.546875,1.293125,2.125,0,34.28
1999631,"Almond milk, unsweetened, plain, shelf stable","Bebida de amêndoas, sem açúcar, natural, longa vida",Beverages,Bebidas,14.5562,0.5546875,0.3371125,1.221,0,59.58
1999632,"Spinach, baby",Espinafre baby,Vegetables and Vegetable Products,Hortaliças e produtos vegetais,26.602,2.851875,2.406325,0.6188,1.558,111.4
1999633,"Spinach, mature",Espinafre maduro,Vegetables and Vegetable Products,Hortaliças e produtos vegetais,27.63,2.90625,2.64135,0.6044,1.588,106.6
1999634,"Tomato, roma",Tomate Roma,Vegetables and Vegetable Products,Hortaliças e produtos vegetais,21.9574,0.695625,3.837475,0.425,0.9706,0
2003586,"Flour, 00",Farinha de trigo tipo 00,Cereal Grains and Pasta,Cereais e massas,357.0648,11.4,74.4462,1.52,2.656,0
2003587,"Flour, spelt, whole grain",Farinha de espelta integral,Cereal Grains and Pasta,Cereais e massas,363.679,14.475,70.723,2.543,9.339,0
2003588,"Flour, semolina, coarse and semi-coarse","Farinha de sêmola, grossa e semigrossa",Cereal Grains and Pasta,Cereais e massas,356.5918,11.73125,73.82345,1.597,3.216,0
2003589,"Flour, semolina, fine",Farinha de sêmola fina,Cereal Grains and Pasta,Cereais e massas,357.81,13.33125,71.98575,1.838,3.683,0.4263
2003590,"Apple juice, with added vitamin C, from concentrate, shelf stable","Suco de maçã, com adição de vitamina C, de concentrado, longa vida",Fruits and Fruit Juices,Frutas e sucos de frutas,48.3763,0.0859375,11.3639625,0.2863,,4.872
2003591,"Orange juice, no pulp, not fortified, from concentrate, refrigerated","Suco de laranja sem polpa, não fortificado, de concentrado, refrigerado",Fruits and Fruit Juices,Frutas e sucos de frutas,47.225,0.734375,10.340625,0.325,,5.231
2003592,"Grape juice, purple, with added vitamin C, from concentrate, shelf stable","Suco de uva roxa, com adição de vitamina C, de concentrado, longa vida",Fruits and Fruit Juices,Frutas e sucos de frutas,66.1099,0.2578125,15.6227875,0.2875,,4.019
2003593,"Grape juice, white, with added vitamin C, from concentrate, shelf stable","Suco de uva branca, com adição de vitamina C, de concentrado, longa vida",Fruits and Fruit Juices,Frutas e sucos de frutas,66.135,0.09375,15.84375,0.265,,7.188
2003594,"Cranberry juice, not fortified, from concentrate, shelf stable","Suco de cranberry, não fortificado, de concentrado, longa vida",Fruits and Fruit Juices,Frutas e sucos de frutas,32.0925,0,7.26375,0.3375,,6.341
2003595,"Grapefruit juice, red, not fortified, not from concentrate, refrigerated","Suco de toranja vermelha, não fortificado, não proveniente de concentrado, refrigerado",Fruits and Fruit Juices,Frutas e sucos de frutas,41.0921,0.5703125,9.1021875,0.2669,,1.031
2003596,"Tomato juice, with added ingredients, from concentrate, shelf stable","Suco de tomate, com ingredientes adicionados, de concentrado, longa vida",Vegetables and Vegetable Products,Hortaliças e produtos vegetais,23.3075,0.859375,4.320625,0.2875,,235.6
2003597,"Orange juice, no pulp, not fortified, not from concentrate, refrigerated","Suco de laranja sem polpa, não fortificado, não proveniente de concentrado, refrigerado",Fruits and Fruit Juices,Frutas e sucos de frutas,46.5063,0.8125,10.0124,0.3563,,0.075
2003598,"Mushroom, portabella",Cogumelo portobello,Vegetables and Vegetable Products,Hortaliças e produtos vegetais,32.4385,2.75,4.6583,0.3117,1.879,5.312
2003599,"Mushroom, king oyster",Cogumelo eryngui (king oyster),Vegetables and Vegetable Products,Hortaliças e produtos vegetais,46.3951,2.40625,8.50065,0.3075,3.009,0.7713
2003600,"Mushroom, enoki",Cogumelo enoki,Vegetables and Vegetable Products,Hortaliças e produtos vegetais,44.4382,2.416875,8.141425,0.245,2.945,0.4167
2003601,"Mushroom, crimini",Cogumelo cremini,Vegetables and Vegetable Products,Hortaliças e produtos vegetais,30.2035,3.09375,4.01455,0.1967,1.781,4.572
2003602,"Mushroom, maitake",Cogumelo maitake,Vegetables and Vegetable Products,Hortaliças e produtos vegetais,37.615,2.203125,6.604375,0.265,3.071,0.345
2003603,"Mushroom, beech",Cogumelo faia,Vegetables and Vegetable Products,Hortaliças e produtos vegetais,39.8018,2.18,6.7593,0.4494,3.139,0.8913
2003604,"Mushroom, pioppini",Cogumelo pioppini,Vegetables and Vegetable Products,Hortaliças e produtos vegetais,39.2148,3.5,5.7637,0.24,2.753,0
2257044,"Soy milk, sweetened, plain, refrigerated","Bebida de soja adoçada, natural, refrigerada",Legumes and Legume Products,Leguminosas e derivados,40.705,2.776875,2.996125,1.957,0,39.44
2257045,"Almond milk, unsweetened, plain, refrigerated","Bebida de amêndoas, sem açúcar, natural, refrigerada",Beverages,Bebidas,19.33,0.65625,0.67075,1.558,0,59.22
2257046,"Oat milk, unsweetened, plain, refrigerated","Bebida de aveia, sem açúcar, natural, refrigerada",Beverages,Bebidas,48.3298,0.796875,5.100325,2.749,0,41.98
2258586,"Carrots, mature, raw","Cenoura madura, crua",Vegetables and Vegetable Products,Hortaliças e produtos vegetais,47.9906,0.94125,10.26755,0.3506,3.095,86.65
2258587,"Carrots, baby, raw","Cenoura baby, crua",Vegetables and Vegetable Products,Hortaliças e produtos vegetais,40.7723,0.805,9.0787,0.1375,2.694,62.66
2258588,"Peppers, bell, green, raw","Pimentão verde, cru",Vegetables and Vegetable Products,Hortaliças e produtos vegetais,22.9291,0.715,4.7781,0.1063,0.9419,0
2258589,"Peppers, bell, yellow, raw","Pimentão amarelo, cru",Vegetables and Vegetable Products,Hortaliças e produtos vegetais,30.7743,0.819375,6.601725,0.1211,1.071,0
2258590,"Peppers, bell, red, raw","Pimentão vermelho, cru",Vegetables and Vegetable Products,Hortaliças e produtos vegetais,31.3256,0.895625,6.653175,0.1256,1.158,0
2258591,"Peppers, bell, orange, raw","Pimentão laranja, cru",Vegetables and Vegetable Products,Hortaliças e produtos vegetais,31.7404,0.881875,6.703125,0.1556,0.9674,0
2259792,"Buttermilk, low fat",Leitelho com baixo teor de gordura,Dairy and Egg Products,Laticínios e ovos,42.835,3.464978,4.811522,1.081,,92.49
2259793,"Yogurt, plain, whole milk",Iogurte natural de leite integral,Dairy and Egg Products,Laticínios e ovos,77.9524,3.824172,5.574928,4.484,,41.78
2259794,"Yogurt, Greek, plain, whole milk",Iogurte grego natural de leite integral,Dairy and Egg Products,Laticínios e ovos,93.6776,8.77888,4.75402,4.394,,33.76
2259795,"Cheese, parmesan, grated, refrigerated","Queijo parmesão, ralado, refrigerado",Dairy and Egg Products,Laticínios e ovos,403.384,30.13912,4.33188,29.5,,1046
2259796,"Cheese, feta, whole milk, crumbled","Queijo feta de leite integral, esfarelado",Dairy and Egg Products,Laticínios e ovos,272.884,19.70782,5.58318,19.08,,1034
2261420,"Flour, almond",Farinha de amêndoas,Nut and Seed Products,"Nozes, castanhas e sementes",622.042,26.24375,16.24925,50.23,9.266,0.8944
2261421,"Flour, oat, whole grain",Farinha de aveia integral,Cereal Grains and Pasta,Cereais e massas,389.125,13.16875,69.91725,6.309,10.5,3.619
2261422,"Flour, potato",Farinha de batata,Vegetables and Vegetable Products,Hortaliças e produtos vegetais,360.7805,8.1125,79.9422,0.9513,5.401,47.66
2262072,"Peanut butter, creamy","Pasta de amendoim, cremosa",Legumes and Legume Products,Leguminosas e derivados,631.65,23.99124,22.70376,49.43,6.323,220.7
2262073,"Sesame butter, creamy","Pasta de gergelim (tahine), cremosa",Nut and Seed Products,"Nozes, castanhas e sementes",697.1376,19.7054,14.179,62.4,8.372,63.63
2262074,"Almond butter, creamy","Pasta de amêndoas, cremosa",Nut and Seed Products,"Nozes, castanhas e sementes",645.456,20.78734,21.23666,53.04,9.718,0.9963
2262075,"Flaxseed, ground",Linhaça moída,Nut and Seed Products,"Nozes, castanhas e sementes",545.084,18.0359,34.3551,37.28,23.13,36.74
2263887,"Strawberries, raw","Morango, cru",Fruits and Fruit Juices,Frutas e sucos de frutas,36.4,0.640625,7.964375,0.22,,0
2263888,"Raspberries, raw","Framboesa, crua",Fruits and Fruit Juices,Frutas e sucos de frutas,57.3375,1.008125,12.904375,0.1875,,0
2263889,"Blueberries, raw","Mirtilo, cru",Fruits and Fruit Juices,Frutas e sucos de frutas,63.8563,0.703125,14.571775,0.3063,,0
2263890,"Grapes, red, seedless, raw","Uva vermelha sem semente, crua",Fruits and Fruit Juices,Frutas e sucos de frutas,85.919,0.914375,20.196825,0.1638,,6.999
2263891,"Grapes, green, seedless, raw","Uva verde sem semente, crua",Fruits and Fruit Juices,Frutas e sucos de frutas,80.1025,0.89875,18.60375,0.2325,,3.171
2263892,"Applesauce, unsweetened, with added vitamin C","Purê de maçã sem açúcar, com adição de vitamina C",Fruits and Fruit Juices,Frutas e sucos de frutas,51.6025,0.2734375,12.2615625,0.1625,,0.5038
2346384,"Cottage cheese, full fat, large or small curd","Queijo cottage integral, de grumos grandes ou pequenos",Dairy and Egg Products,Laticínios e ovos,102.921,11.62436,4.59964,4.225,,349.8
2346385,"Cream cheese, full fat, block","Cream cheese integral, em bloco",Dairy and Egg Products,Laticínios e ovos,342.794,5.78985,4.55615,33.49,,367.8
2346386,"Cream, heavy",Creme de leite fresco,Dairy and Egg Products,Laticínios e ovos,343.31,2.017994,3.799506,35.56,,20.61
2346387,"Cream, sour, full fat",Creme azedo integral,Dairy and Egg Products,Laticínios e ovos,196.4148,3.070694,5.555506,17.99,,50.04
2346388,"Lettuce, iceberg, raw","Alface-americana, crua",Vegetables and Vegetable Products,Hortaliças e produtos vegetais,17.10875,0.7425,3.36875,0.07375,,16.11
2346389,"Lettuce, romaine, green, raw","Alface romana verde, crua",Vegetables and Vegetable Products,Hortaliças e produtos vegetais,20.77105,0.976875,4.055575,0.07125,,23
2346390,"Lettuce, leaf, red, raw","Alface de folha roxa, crua",Vegetables and Vegetable Products,Hortaliças e produtos vegetais,17.5315,0.883125,3.260575,0.1063,,24.89
2346391,"Lettuce, leaf, green, raw","Alface de folha verde, crua",Vegetables and Vegetable Products,Hortaliças e produtos vegetais,22.0463,1.09375,4.06615,0.1563,,28.88
2346392,"Nuts, pine nuts, raw","Pinoli, cru",Nut and Seed Products,"Nozes, castanhas e sementes",688.614,15.7039,18.5921,61.27,3.941,0
2346393,"Nuts, almonds, whole, raw","Amêndoa inteira, crua",Nut and Seed Products,"Nozes, castanhas e sementes",625.75,21.45038,20.03462,51.09,10.78,0
2346394,"Nuts, walnuts, English, halves, raw","Noz-inglesa em metades, crua",Nut and Seed Products,"Nozes, castanhas e sementes",729.556,14.5644,10.9096,69.74,5.21,0
2346395,"Nuts, pecans, halves, raw","Noz-pecã em metades, crua",Nut and Seed Products,"Nozes, castanhas e sementes",750.152,9.9587,12.6993,73.28,5.793,0
2346396,"Oats, whole grain, rolled, old fashioned",Aveia integral em flocos tradicionais,Cereal Grains and Pasta,Cereais e massas,381.626,13.49645,68.65755,5.89,,0.6675
2346397,"Oats, whole grain, steel cut",Aveia integral em grãos cortados (steel-cut),Cereal Grains and Pasta,Cereais e massas,381.248,12.51118,69.75082,5.8,,0.3113
2346398,"Pineapple, raw","Abacaxi, cru",Fruits and Fruit Juices,Frutas e sucos de frutas,60.1113,0.4609375,14.0914625,0.2113,0.9346,0
2346399,"Cherries, sweet, dark red, raw","Cereja doce vermelho-escura, crua",Fruits and Fruit Juices,Frutas e sucos de frutas,70.5425,1.039375,16.163125,0.1925,,0
2346400,"Beans, snap, green, raw","Vagem verde, crua",Vegetables and Vegetable Products,Hortaliças e produtos vegetais,39.9998,1.96875,7.41245,0.275,3.011,0
2346401,"Potatoes, russet, without skin, raw","Batata russet, sem casca, crua",Vegetables and Vegetable Products,Hortaliças e produtos vegetais,83.42,2.27375,17.77125,0.36,,2.743
2346402,"Potatoes, red, without skin, raw","Batata vermelha, sem casca, crua",Vegetables and Vegetable Products,Hortaliças e produtos vegetais,75.5575,2.0625,16.27,0.2475,,2.856
2346403,"Potatoes, gold, without skin, raw","Batata dourada, sem casca, crua",Vegetables and Vegetable Products,Hortaliças e produtos vegetais,73.4738,1.8125,15.9624,0.2638,,2.238
2346404,"Sweet potatoes, orange flesh, without skin, raw","Batata-doce de polpa laranja, sem casca, crua",Vegetables and Vegetable Products,Hortaliças e produtos vegetais,78.999,1.578125,17.327875,0.375,,0
2346405,"Celery, raw","Aipo, cru",Vegetables and Vegetable Products,Hortaliças e produtos vegetais,16.6973,0.4921875,3.3165125,0.1625,,97.21
2346406,"Cucumber, with peel, raw","Pepino com casca, cru",Vegetables and Vegetable Products,Hortaliças e produtos vegetais,15.9075,0.625,2.9525,0.1775,,1.515
2346407,"Cabbage, green, raw","Repolho verde, cru",Vegetables and Vegetable Products,Hortaliças e produtos vegetais,31.4275,0.96125,6.38375,0.2275,,16.1
2346408,"Cabbage, red, raw","Repolho roxo, cru",Vegetables and Vegetable Products,Hortaliças e produtos vegetais,34.0538,1.2425,6.7899,0.2138,,11.72
2346409,"Strawberries, raw","Morango, cru",Fruits and Fruit Juices,Frutas e sucos de frutas,36.4,0.640625,7.964375,0.22,,0
2346410,"Raspberries, raw","Framboesa, crua",Fruits and Fruit Juices,Frutas e sucos de frutas,57.3375,1.008125,12.904375,0.1875,,0
2346411,"Blueberries, raw","Mirtilo, cru",Fruits and Fruit Juices,Frutas e sucos de frutas,63.8563,0.703125,14.571775,0.3063,,0
2346412,"Grapes, red, seedless, raw","Uva vermelha sem semente, crua",Fruits and Fruit Juices,Frutas e sucos de frutas,85.919,0.914375,20.196825,0.1638,,6.999
2346413,"Grapes, green, seedless, raw","Uva verde sem semente, crua",Fruits and Fruit Juices,Frutas e sucos de frutas,80.1025,0.89875,18.60375,0.2325,,3.171
2346414,"Applesauce, unsweetened, with added vitamin C","Purê de maçã sem açúcar, com adição de vitamina C",Fruits and Fruit Juices,Frutas e sucos de frutas,51.6025,0.2734375,12.2615625,0.1625,,0.5038
2512371,"Flour, amaranth",Farinha de amaranto,Cereal Grains and Pasta,Cereais e massas,384.076,13.2093,68.7787,6.236,7.209,0
2512372,"Flour, quinoa",Farinha de quinoa,Cereal Grains and Pasta,Cereais e massas,385.197,11.92235,69.52465,6.601,6.295,6.321
2512373,"Flour, sorghum",Farinha de sorgo,Cereal Grains and Pasta,Cereais e massas,374.93,8.27277,77.39123,3.586,6.019,0
2512374,"Flour, buckwheat",Farinha de trigo-sarraceno,Cereal Grains and Pasta,Cereais e massas,357.968,8.88492,75.01808,2.484,10.35,0
2512375,"Flour, rye",Farinha de centeio,Cereal Grains and Pasta,Cereais e massas,359.4,8.3952,77.1618,1.908,13.68,0
2512376,"Flour, barley",Farinha de cevada,Cereal Grains and Pasta,Cereais e massas,366.53,8.72168,77.39832,2.45,12.79,20.33
2512377,"Flour, cassava",Farinha de mandioca,Vegetables and Vegetable Products,Hortaliças e produtos vegetais,357.369,0.918225,87.312975,0.4938,4.834,13.08
2512378,"Buckwheat, whole grain",Trigo-sarraceno integral,Cereal Grains and Pasta,Cereais e massas,356.135,11.06534,71.13066,3.039,4.046,0
2512379,"Millet, whole grain",Milheto integral,Cereal Grains and Pasta,Cereais e massas,375.618,10.02177,74.44623,4.194,2.619,0
2512380,"Rice, brown, long grain, unenriched, raw","Arroz integral de grão longo, não enriquecido, cru",Cereal Grains and Pasta,Cereais e massas,365.518,7.25305,76.68795,3.306,3.021,0
2512381,"Rice, white, long grain, unenriched, raw","Arroz branco de grão longo, não enriquecido, cru",Cereal Grains and Pasta,Cereais e massas,358.705,7.03885,80.31315,1.033,0.1488,0.4625
2514743,"Beef, ground, 90% lean meat / 10% fat, raw","Carne bovina moída, 90% magra e 10% de gordura, crua",Beef Products,Produtos bovinos,184.8648,18.15625,0,12.85,,61.64
2514744,"Beef, ground, 80% lean meat / 20% fat, raw","Carne bovina moída, 80% magra e 20% de gordura, crua",Beef Products,Produtos bovinos,242.61,17.53125,0,19.44,,54.94
2514745,"Pork, ground, raw","Carne suína moída, crua",Pork Products,Produtos suínos,228.2728,17.80625,0,17.49,,53.63
2514746,"Chicken, ground, with additives, raw","Frango moído, com aditivos, cru",Poultry Products,Produtos de aves,133.0498,17.9125,0,7.161,,62.95
2514747,"Turkey, ground, 93% lean/ 7% fat, raw","Peru moído, 93% magro e 7% de gordura, cru",Poultry Products,Produtos de aves,152.615,17.34375,0,9.591,,80.18
2515373,"Nuts, brazilnuts, raw","Castanha-do-pará, crua",Nut and Seed Products,"Nozes, castanhas e sementes",663.586,15.03684,21.64216,57.43,5.984,0
2515374,"Nuts, cashew nuts, raw","Castanha-de-caju, crua",Nut and Seed Products,"Nozes, castanhas e sementes",564.664,17.4423,36.2887,38.86,4.104,4.759
2515375,"Nuts, hazelnuts or filberts, raw","Avelã, crua",Nut and Seed Products,"Nozes, castanhas e sementes",641.39,13.4938,26.5012,53.49,8.41,0
2515376,"Peanuts, raw","Amendoim, cru",Legumes and Legume Products,Leguminosas e derivados,588.332,23.205,26.498,43.28,8.014,1.493
2515377,"Flour, chestnut",Farinha de castanha portuguesa,Nut and Seed Products,"Nozes, castanhas e sementes",384.672,5.28675,80.45025,4.636,8.711,0
2515378,"Nuts, macadamia nuts, raw","Macadâmia, crua",Nut and Seed Products,"Nozes, castanhas e sementes",711.89,7.7857,24.0943,64.93,7.563,0
2515379,"Nuts, pistachio nuts, raw","Pistache, cru",Nut and Seed Products,"Nozes, castanhas e sementes",597.98,20.5057,27.6943,45.02,6.969,0
2515380,"Seeds, pumpkin seeds (pepitas), raw","Semente de abóbora (pepita), crua",Nut and Seed Products,"Nozes, castanhas e sementes",554.602,29.9079,18.6751,40.03,5.079,0
2515381,"Seeds, sunflower seed, kernel, raw","Semente de girassol descascada, crua",Nut and Seed Products,"Nozes, castanhas e sementes",609.456,18.8733,24.5007,48.44,7.215,0
2515382,"Flour, coconut",Farinha de coco,Nut and Seed Products,"Nozes, castanhas e sementes",437.684,16.1385,58.9025,15.28,34.24,46.94
2644281,"Beans, cannellini, dry","Feijão cannellini, seco",Legumes and Legume Products,Leguminosas e derivados,345.223,21.5625,59.7955,2.199,,0
2644282,"Chickpeas, (garbanzo beans, bengal gram), dry","Grão-de-bico (garbanzo, grão-de-bengala), seco",Legumes and Legume Products,Leguminosas e derivados,382.998,21.275,60.358,6.274,,8.779
2644283,"Lentils, dry","Lentilha, seca",Legumes and Legume Products,Leguminosas e derivados,360.285,23.56875,62.17125,1.925,,0
2644284,"Blackeye pea, dry","Feijão-fradinho, seco",Legumes and Legume Products,Leguminosas e derivados,354.015,21.225,61.836,2.419,,3.458
2644285,"Beans, black, canned, sodium added, drained and rinsed","Feijão preto, enlatado, com adição de sódio, escorrido e enxaguado",Legumes and Legume Products,Leguminosas e derivados,118.361,6.9125,19.8135,1.273,,217.9
2644286,"Beans, navy, canned, sodium added, drained and rinsed","Feijão navy, enlatado, com adição de sódio, escorrido e enxaguado",Legumes and Legume Products,Leguminosas e derivados,118.79,6.56875,19.98325,1.398,,190.1
2644287,"Beans, cannellini, canned, sodium added, drained and rinsed","Feijão cannellini, enlatado, com adição de sódio, escorrido e enxaguado",Legumes and Legume Products,Leguminosas e derivados,115.445,7.4125,18.8185,1.169,,164
2644288,"Chickpeas (garbanzo beans, bengal gram), canned, sodium added, drained and rinsed","Grão-de-bico (garbanzo, grão-de-bengala), enlatado, com adição de sódio, escorrido e enxaguado",Legumes and Legume Products,Leguminosas e derivados,137.22,7.01875,20.32025,3.096,,201.7
2644289,"Beans, kidney, dark red, canned, sodium added, sugar added, drained and rinsed","Feijão kidney vermelho-escuro, enlatado, com adição de sódio e açúcar, escorrido e enxaguado",Legumes and Legume Products,Leguminosas e derivados,126.624,7.8,21.03,1.256,,172.3
2644290,"Beans, kidney, light red, canned, sodium added, sugar added, drained and rinsed","Feijão kidney vermelho-claro, enlatado, com adição de sódio e açúcar, escorrido e enxaguado",Legumes and Legume Products,Leguminosas e derivados,126.703,7.30625,21.44675,1.299,,158.5
2644291,"Peas, green, sweet, canned, sodium added, sugar added, drained and rinsed","Ervilha verde doce, enlatada, com adição de sódio e açúcar, escorrida e enxaguada",Vegetables and Vegetable Products,Hortaliças e produtos vegetais,80.145,4.734375,12.707625,1.153,,207.4
2644292,"Beans, pinto, canned, sodium added, drained and rinsed","Feijão pinto, enlatado, com adição de sódio, escorrido e enxaguado",Legumes and Legume Products,Leguminosas e derivados,116.57,6.69375,19.60025,1.266,,201.6
2644293,"Blackeye pea, canned, sodium added, drained and rinsed","Feijão-fradinho, enlatado, com adição de sódio, escorrido e enxaguado",Legumes and Legume Products,Leguminosas e derivados,116.0276,6.925,19.1659,1.296,,226.7
2644294,"Beans, great northern, canned, sodium added, drained and rinsed","Feijão Great Northern, enlatado, com adição de sódio, escorrido e enxaguado",Legumes and Legume Products,Leguminosas e derivados,116.834,7.03125,19.32875,1.266,,223.1
2646168,"Pork, loin, boneless, raw","Carne suína, lombo sem osso, crua",Pork Products,Produtos suínos,167.769,21.11875,0,9.469,,40.2
2646169,"Pork, loin, tenderloin, boneless, raw","Carne suína, filé-mignon, sem osso, crua",Pork Products,Produtos suínos,119.039,21.58125,0,3.899,,41.39
2646170,"Chicken, breast, boneless, skinless, raw","Frango, peito sem osso e sem pele, cru",Poultry Products,Produtos de aves,106.034,22.525,0,1.934,,65.75
2646171,"Chicken, thigh, boneless, skinless, raw","Frango, sobrecoxa sem osso e sem pele, crua",Poultry Products,Produtos de aves,144.07,18.6125,0,7.916,,62.33
2646172,"Beef, ribeye, steak, boneless, choice, raw","Carne bovina, bife de contrafilé (ribeye), sem osso, padrão Choice, cru",Beef Products,Produtos bovinos,254.11,18.74375,0,20.04,,42.54
2646173,"Beef, round, top round, boneless, choice, raw","Carne bovina, coxão mole, sem osso, padrão Choice, cru",Beef Products,Produtos bovinos,140.635,21.475,0.852,5.703,,45.54
2646174,"Beef, chuck, roast, boneless, choice, raw","Carne bovina, acém para assar, sem osso, padrão Choice, cru",Beef Products,Produtos bovinos,231.7048,18.4,0,17.8,,48.44
2646175,"Beef, flank, steak, boneless, choice, raw","Carne bovina, bife de fraldinha, sem osso, padrão Choice, cru",Beef Products,Produtos bovinos,163.8998,20.13125,0,9.399,,51.3
2647437,"Yogurt, plain, nonfat","Iogurte natural, desnatado",Dairy and Egg Products,Laticínios e ovos,50.0015,4.22675,8.07675,0.0875,,51.48
2647438,"Cheese, monterey jack, solid","Queijo Monterey Jack, peça inteira",Dairy and Egg Products,Laticínios e ovos,391.73,22.6171,1.8979,32.63,,662.2
2647439,"Cheese, pasteurized process cheese food or product, American, singles","Queijo processado pasteurizado ou produto à base de queijo, tipo americano, em fatias individuais",Dairy and Egg Products,Laticínios e ovos,309.768,15.5672,8.1898,23.86,,1420
2647440,"Cheese, provolone, sliced","Queijo provolone, fatiado",Dairy and Egg Products,Laticínios e ovos,356.794,23.45288,2.45312,28.13,,600.9
2647441,"Cheese, oaxaca, solid","Queijo Oaxaca, peça inteira",Dairy and Egg Products,Laticínios e ovos,297.088,22.14498,2.40202,22.1,,734.2
2647442,"Cheese, queso fresco, solid","Queijo queso fresco, peça inteira",Dairy and Egg Products,Laticínios e ovos,297.608,18.8848,2.9572,23.36,,626.5
2647443,"Cheese, cotija, solid","Queijo cotija, peça inteira",Dairy and Egg Products,Laticínios e ovos,351.4,23.83568,2.72432,27.24,,1625
2684440,"Fish, salmon, sockeye, wild caught, raw","Salmão sockeye, selvagem, cru",Finfish and Shellfish Products,Peixes e frutos do mar,129.984,22.3,0,4.936,,53.3
2684441,"Fish, salmon, Atlantic, farm raised, raw","Salmão-do-atlântico, de criação, cru",Finfish and Shellfish Products,Peixes e frutos do mar,197.294,20.31875,0,13.11,,49.49
2684442,"Fish, tilapia, farm raised, raw","Tilápia, de criação, crua",Finfish and Shellfish Products,Peixes e frutos do mar,94.659,19,0,2.479,,93.66
2684443,"Crustaceans, shrimp, farm raised, raw","Camarão, de criação, cru",Finfish and Shellfish Products,Peixes e frutos do mar,71.4265,15.56875,0.48495,0.8013,,474.9
2684444,"Fish, cod, Atlantic, wild caught, raw","Bacalhau-do-atlântico, selvagem, cru",Finfish and Shellfish Products,Peixes e frutos do mar,65.9855,16.06875,0,0.6675,,298.8
2684445,"Fish, catfish, farm raised, raw","Peixe-gato, de criação, cru",Finfish and Shellfish Products,Peixes e frutos do mar,129.1124,16.46875,0,7.308,,60.51
2684446,"Crustaceans, crab, blue swimming, lump, pasteurized, refrigerated","Caranguejo-azul-nadador, carne em pedaços, pasteurizada, refrigerada",Finfish and Shellfish Products,Peixes e frutos do mar,80.9935,18.65,0,0.8075,,331.3
2685568,"Squash, summer, green, zucchini, includes skin, raw","Abobrinha verde, com casca, crua",Vegetables and Vegetable Products,Hortaliças e produtos vegetais,19,0.984375,3.27,0.205,0.7525,0
2685569,"Squash, summer, yellow, includes skin, raw","Abóbora de verão amarela, com casca, crua",Vegetables and Vegetable Products,Hortaliças e produtos vegetais,22,0.890625,4.39,0.135,0.9563,0
2685570,"Squash, winter, butternut, raw","Abóbora butternut, crua",Vegetables and Vegetable Products,Hortaliças e produtos vegetais,48.1323,1.14875,10.50745,0.1675,1.959,0
2685571,"Squash, winter, acorn, raw","Abóbora acorn, crua",Vegetables and Vegetable Products,Hortaliças e produtos vegetais,48.5625,1.25,10.48,0.1825,2.635,0
2685572,"Cabbage, bok choy, raw","Acelga bok choy, crua",Vegetables and Vegetable Products,Hortaliças e produtos vegetais,20.259,1.02375,3.51495,0.2338,1.259,14.27
2685573,"Cauliflower, raw","Couve-flor, crua",Vegetables and Vegetable Products,Hortaliças e produtos vegetais,27.5923,1.640625,4.723075,0.2375,1.948,20
2685574,"Collards, raw","Couve, crua",Vegetables and Vegetable Products,Hortaliças e produtos vegetais,46.894,2.96875,7.02225,0.77,3.816,18.41
2685575,"Brussels sprouts, raw","Couve-de-bruxelas, crua",Vegetables and Vegetable Products,Hortaliças e produtos vegetais,59.485,3.984375,9.615625,0.565,4.785,25.74
2685576,"Beets, raw","Beterraba, crua",Vegetables and Vegetable Products,Hortaliças e produtos vegetais,44.6205,1.6875,8.787,0.3025,3.119,111.6
2685577,"Eggplant, raw","Berinjela, crua",Vegetables and Vegetable Products,Hortaliças e produtos vegetais,26.0848,0.851875,5.399325,0.12,2.448,0.4425
2685578,"Tomatoes, whole, canned, solids and liquids, with salt added","Tomate inteiro, enlatado, com sólidos e líquido, com adição de sal",Vegetables and Vegetable Products,Hortaliças e produtos vegetais,22.4763,0.8675,4.2874,0.2063,0.8725,111.5
2685579,"Tomato, sauce, canned, with salt added","Molho de tomate, enlatado, com adição de sal",Vegetables and Vegetable Products,Hortaliças e produtos vegetais,34.1765,1.351875,6.331625,0.3825,1.636,416.9
2685580,"Tomato, paste, canned, without salt added","Extrato de tomate, enlatado, sem adição de sal",Vegetables and Vegetable Products,Hortaliças e produtos vegetais,104.2825,4.234375,20.188125,0.7325,4.704,61.15
2685581,"Tomatoes, crushed, canned","Tomate triturado, enlatado",Vegetables and Vegetable Products,Hortaliças e produtos vegetais,37.8755,1.4375,7.137,0.3975,1.944,139.8
2685582,"Tomato, puree, canned","Purê de tomate, enlatado",Vegetables and Vegetable Products,Hortaliças e produtos vegetais,40.845,1.578125,8.036875,0.265,1.971,29.36
2710815,"Apricot, with skin, raw","Damasco com casca, cru",Fruits and Fruit Juices,Frutas e sucos de frutas,48.445,0.96125,10.23875,0.405,1.51,0
2710816,"Melons, honeydew, raw","Melão honeydew, cru",Fruits and Fruit Juices,Frutas e sucos de frutas,36.6715,0.53125,8.14995,0.2163,,21.15
2710817,"Plantains, ripe, raw","Banana-da-terra madura, crua",Fruits and Fruit Juices,Frutas e sucos de frutas,136.4733,1.15625,30.95215,0.8933,2.125,0
2710818,"Plantains, underripe, raw","Banana-da-terra pouco madura, crua",Fruits and Fruit Juices,Frutas e sucos de frutas,145.4318,1.229375,33.587325,0.685,2.53,0
2710819,"Chia seeds, dry, raw","Semente de chia, seca, crua",Cereal Grains and Pasta,Cereais e massas,517.154,17.013,38.273,32.89,,0
2710820,"Bulgur, dry, raw","Trigo para quibe (bulgur), seco, cru",Cereal Grains and Pasta,Cereais e massas,372.341,11.75625,75.88175,2.421,11.72,2.18
2710821,"Wild rice, dry, raw","Arroz selvagem, seco, cru",Cereal Grains and Pasta,Cereais e massas,369.164,12.7875,75.6695,1.704,4.26,1.014
2710822,"Arugula, baby, raw","Rúcula baby, crua",Vegetables and Vegetable Products,Hortaliças e produtos vegetais,30.993,1.64875,5.36825,0.325,2.28,86.93
2710823,"Asparagus, green, raw","Aspargo verde, cru",Vegetables and Vegetable Products,Hortaliças e produtos vegetais,28.1015,1.4375,5.1012,0.2163,1.883,2.46
2710824,"Avocado, Hass, peeled, raw","Abacate Hass, descascado, cru",Fruits and Fruit Juices,Frutas e sucos de frutas,223.334,1.8125,8.3235,20.31,,0
2710825,"Rice, black, unenriched, raw","Arroz preto, não enriquecido, cru",Cereal Grains and Pasta,Cereais e massas,369.97,7.56875,77.18825,3.438,4.179,0
2710826,"Corn, sweet, yellow and white kernels,  fresh, raw","Milho-doce, grãos amarelos e brancos, fresco, cru",Vegetables and Vegetable Products,Hortaliças e produtos vegetais,84.55,2.789375,14.689625,1.626,2.428,0
2710827,"Einkorn, grain, dry, raw","Trigo einkorn em grão, seco, cru",Cereal Grains and Pasta,Cereais e massas,369.383,15.11719,68.65381,3.811,8.913,0
2710828,"Farro, pearled, dry, raw","Farro perolado, seco, cru",Cereal Grains and Pasta,Cereais e massas,367.011,12.63944,72.13156,3.103,7.31,0.845
2710829,"Fonio, grain, dry, raw","Fonio em grão, seco, cru",Cereal Grains and Pasta,Cereais e massas,369.133,7.16875,81.30525,1.693,2.197,2.967
2710830,"Khorasan, grain, dry, raw","Trigo khorasan em grão, seco, cru",Cereal Grains and Pasta,Cereais e massas,371.4,14.75573,71.79427,2.8,10.52,3.936
2710831,"Kiwifruit (kiwi), green, peeled, raw","Kiwi verde, descascado, cru",Fruits and Fruit Juices,Frutas e sucos de frutas,65.0648,1.008125,13.818075,0.64,2.129,2.275
2710832,"Mandarin, seedless, peeled, raw","Tangerina sem sementes, descascada, crua",Fruits and Fruit Juices,Frutas e sucos de frutas,61.9623,1.039375,13.421825,0.4575,1.328,0
2710833,"Mango, Tommy Atkins, peeled, raw","Manga Tommy Atkins, descascada, crua",Fruits and Fruit Juices,Frutas e sucos de frutas,68.4625,0.5625,15.265,0.5725,1.753,0
2710834,"Mango, Ataulfo, peeled, raw","Manga Ataulfo, descascada, crua",Fruits and Fruit Juices,Frutas e sucos de frutas,78.4665,0.6875,17.3962,0.6813,1.289,0
2710835,"Corn flour, masa harina, white or yellow, dry, raw","Farinha de milho para masa harina, branca ou amarela, seca, crua",Cereal Grains and Pasta,Cereais e massas,376.068,7.5625,76.6895,4.34,7.038,2.733
2710836,"Pear, Anjou, green, with skin, raw","Pera Anjou verde, com casca, crua",Fruits and Fruit Juices,Frutas e sucos de frutas,63.6613,0.3125,14.7674,0.3713,2.636,0.3975
2710837,"Plum, black, with skin, raw","Ameixa preta, com casca, crua",Fruits and Fruit Juices,Frutas e sucos de frutas,58.6773,0.578125,13.455575,0.2825,1.346,0
2710838,"Rice, red, unenriched, dry, raw","Arroz vermelho, não enriquecido, seco, cru",Cereal Grains and Pasta,Cereais e massas,369.828,8.5625,76.1545,3.44,4.198,0.4375
2710839,"Sorghum bran, white, unenriched, dry, raw","Farelo de sorgo branco, não enriquecido, seco, cru",Cereal Grains and Pasta,Cereais e massas,402.787,11.16875,68.69525,9.259,34.95,2.915
2710840,"Sorghum flour, white, pearled, unenriched, dry, raw","Farinha de sorgo branco perolado, não enriquecida, seca, crua",Cereal Grains and Pasta,Cereais e massas,364.018,10.2125,73.5065,3.238,3.299,0
2710841,"Sorghum grain, white, pearled, unenriched, dry, raw","Sorgo branco em grão, perolado, não enriquecido, seco, cru",Cereal Grains and Pasta,Cereais e massas,369.873,10.25,74.872,3.265,3.916,0
2710842,"Sorghum, whole grain, white, dry, raw","Sorgo branco integral, seco, cru",Cereal Grains and Pasta,Cereais e massas,372.591,10.08125,73.57375,4.219,8.274,0.3288
2710843,"Plantains, overripe, raw","Banana-da-terra muito madura, crua",Fruits and Fruit Juices,Frutas e sucos de frutas,130.3432,1.166875,29.191425,0.99,1.792,0
2727566,"Chicken, drumstick, meat and skin, raw","Frango, coxa com carne e pele, crua",Poultry Products,Produtos de aves,124.9848,18.35625,-0.47505,5.94,,90.98
2727567,"Chicken, thigh, meat and skin, raw","Frango, sobrecoxa com carne e pele, crua",Poultry Products,Produtos de aves,187.8848,17.10625,-0.17255,13.35,,63.55
2727568,"Chicken, wing, meat and skin, raw","Frango, asa com carne e pele, crua",Poultry Products,Produtos de aves,167.55,18.40625,-0.45875,10.64,,84.14
2727569,"Chicken, breast, meat and skin, raw","Frango, peito com carne e pele, cru",Poultry Products,Produtos de aves,126.905,21.40625,-0.42825,4.777,,48.07
2727570,"Lamb, ground, raw","Cordeiro moído, cru","Lamb, Veal, and Game Products","Cordeiro, vitela e carnes de caça",236.6068,17.4625,-0.2508,18.64,,53.45
2727571,"Bison, ground, raw","Bisão moído, cru","Lamb, Veal, and Game Products","Cordeiro, vitela e carnes de caça",158.8468,19.88125,-0.14955,8.88,,55.7
2727572,"Beef, short loin (NY strip steak), raw","Carne bovina, bife de contrafilé tipo NY strip, cru",Beef Products,Produtos bovinos,190.0448,21.325,0.2212,11.54,,43.09
2727573,"Beef, tenderloin steak, raw","Carne bovina, bife de filé-mignon, cru",Beef Products,Produtos bovinos,143.2,21.09375,0.18025,6.456,,44.85
2727574,"Beef, top sirloin steak, raw","Carne bovina, bife de alcatra, cru",Beef Products,Produtos bovinos,140.144,21.975,0.218,5.708,,42.85
2727575,"Pork, chop, center cut, raw","Carne suína, bisteca de corte central, crua",Pork Products,Produtos suínos,138.275,22.8125,-0.5625,5.475,,39.3
2727576,"Pork, belly, with skin, raw","Barriga suína com pele, crua",Pork Products,Produtos suínos,380.45,15.2,-0.705,35.83,,49.7
2727577,"Pawpaw, peeled, seeded, raw","Pawpaw (asimina), descascada, sem sementes, crua",Fruits and Fruit Juices,Frutas e sucos de frutas,,1.151875,,,3.3,0.3514
2727578,"Squash, pie pumpkin, peeled, seeded, raw","Abóbora para torta, descascada, sem sementes, crua",Vegetables and Vegetable Products,Hortaliças e produtos vegetais,,0.854375,,,2.3,0.3125
2727579,"Squash, spaghetti, peeled, seeded, raw","Abóbora espaguete, descascada, sem sementes, crua",Vegetables and Vegetable Products,Hortaliças e produtos vegetais,,0.791875,,,1.4,0.3125
2727580,"Rutabaga, peeled, raw","Rutabaga, descascada, crua",Vegetables and Vegetable Products,Hortaliças e produtos vegetais,,0.8875,,,2.9,4.591
2727581,"Blackberries, raw","Amora-preta, crua",Fruits and Fruit Juices,Frutas e sucos de frutas,,1.52625,,,5.3,1.548
2727582,"Tomatillos, dehusked, raw","Tomatillo, sem o invólucro, cru",Vegetables and Vegetable Products,Hortaliças e produtos vegetais,,1.064375,,,1.7,0.3113
2727583,"Cabbage, napa, leaf, destemmed, raw","Repolho napa, folha sem talo, cru",Vegetables and Vegetable Products,Hortaliças e produtos vegetais,,1.06375,,,1.2,12.65
2727584,"Leeks, bulb and greens, root removed, raw","Alho-poró, bulbo e folhas, sem raiz, cru",Vegetables and Vegetable Products,Hortaliças e produtos vegetais,,1.4675,,,3,17.66
2727585,"Green onion, (scallion), bulb and greens, root removed, raw","Cebolinha (scallion), bulbo e folhas, sem raiz, crua",Vegetables and Vegetable Products,Hortaliças e produtos vegetais,,0.66875,,,2.3,9.948
2727586,"Shallots, bulb, peeled, root removed, raw","Chalota, bulbo descascado, sem raiz, crua",Vegetables and Vegetable Products,Hortaliças e produtos vegetais,,1.3775,,,2.2,3.636
2727587,"Juice, prune, shelf-stable","Suco de ameixa seca, longa vida",Fruits and Fruit Juices,Frutas e sucos de frutas,,0.422625,,,,10.29
2727588,"Juice, pomegranate, from concentrate, shelf-stable","Suco de romã, de concentrado, longa vida",Fruits and Fruit Juices,Frutas e sucos de frutas,,0,,,,4.038
2727589,"Juice, tart cherry, from concentrate, shelf-stable","Suco de cereja ácida, de concentrado, longa vida",Fruits and Fruit Juices,Frutas e sucos de frutas,,0.1465625,,,,1.363
2747652,"Anchovies, canned in olive oil, with salt, drained","Anchova, enlatada em azeite, com sal, escorrida",Finfish and Shellfish Products,Peixes e frutos do mar,206.065,26.9375,2.4095,9.853,,5403
2747653,"Beet greens, raw","Folhas de beterraba, cruas",Vegetables and Vegetable Products,Hortaliças e produtos vegetais,26.367,1.609375,4.658825,0.1438,2.578,280.5
2747654,"Cod, Pacific or Alaskan, frozen, wild caught","Bacalhau do Pacífico ou do Alasca, congelado, selvagem",Finfish and Shellfish Products,Peixes e frutos do mar,60.84,14.2,0.524,0.216,,353.9
2747655,"Fennel, bulb, raw","Funcho, bulbo, cru",Vegetables and Vegetable Products,Hortaliças e produtos vegetais,26.8924,0.921875,5.486225,0.14,2.046,49.03
2747656,"Halibut, frozen, wild caught","Halibute, congelado, selvagem",Finfish and Shellfish Products,Peixes e frutos do mar,81.3345,19.0625,-0.0602,0.5917,,108.3
2747657,"Lobster, tail only, frozen, wild caught","Lagosta, somente cauda, congelada, selvagem",Finfish and Shellfish Products,Peixes e frutos do mar,58.8175,12.99375,0.88555,0.3667,,508.8
2747658,"Mahi mahi, frozen, wild caught","Mahi-mahi, congelado, selvagem",Finfish and Shellfish Products,Peixes e frutos do mar,83.7115,19.79375,0.28655,0.3767,,51.93
2747659,"Parsnips, raw","Pastinaca, crua",Vegetables and Vegetable Products,Hortaliças e produtos vegetais,87.0745,1.265625,19.292275,0.5381,5.351,0.4913
2747660,"Peppers, banana or Hungarian wax, seeded, raw","Pimenta banana ou Hungarian wax, sem sementes, crua",Vegetables and Vegetable Products,Hortaliças e produtos vegetais,23.9398,0.723125,4.966175,0.1314,1.79,0
2747661,"Peppers, jalapeno, seeded, raw","Pimenta jalapeño, sem sementes, crua",Vegetables and Vegetable Products,Hortaliças e produtos vegetais,24.1264,0.621125,5.075675,0.1488,1.725,0
2747662,"Peppers, poblano, seeded, raw","Pimenta poblano, sem sementes, crua",Vegetables and Vegetable Products,Hortaliças e produtos vegetais,27.9906,1.425625,5.143175,0.1906,2.07,0
2747663,"Peppers, serrano, seeded, raw","Pimenta serrano, sem sementes, crua",Vegetables and Vegetable Products,Hortaliças e produtos vegetais,29.233,0.855625,6.136275,0.1406,2.521,0
2747664,"Radicchio, raw","Radicchio, cru",Vegetables and Vegetable Products,Hortaliças e produtos vegetais,26.3679,1.30875,4.96125,0.1431,2.114,8.076
2747665,"Radishes, red, raw","Rabanete vermelho, cru",Vegetables and Vegetable Products,Hortaliças e produtos vegetais,19.60045,0.65625,4.05682,0.08313,1.314,51.16
2747666,"Scallops, bay, Patagonian, frozen, wild caught","Vieira da baía, patagônica, congelada, selvagem",Finfish and Shellfish Products,Peixes e frutos do mar,78.456,16.3875,2.2833,0.4192,,252.4
2747667,"Scallops, sea, frozen, wild caught","Vieira-do-mar, congelada, selvagem",Finfish and Shellfish Products,Peixes e frutos do mar,66.3545,13.5125,1.9662,0.4933,,313
2747668,"Sea bass, Chilean, frozen, wild caught","Robalo-do-chile, congelado, selvagem",Finfish and Shellfish Products,Peixes e frutos do mar,209.3868,14.925,0.1392,16.57,,109.4
2747669,"Snapper, frozen, wild caught","Pargo, congelado, selvagem",Finfish and Shellfish Products,Peixes e frutos do mar,89.538,20.6625,0.4413,0.5692,,93.06
2747670,"Snow crab, legs only, frozen  ","Caranguejo-das-neves, somente pernas, congelado",Finfish and Shellfish Products,Peixes e frutos do mar,69.223,15.5375,1.1063,0.2942,,728.5
2747671,"Squid (calamari), frozen, tubes only","Lula (calamari), congelada, somente tubos",Finfish and Shellfish Products,Peixes e frutos do mar,43.9108,8.80625,0.93215,0.5508,,271.9
2747672,"Swordfish, frozen, wild caught","Peixe-espada, congelado, selvagem",Finfish and Shellfish Products,Peixes e frutos do mar,151.855,19.2375,0.4495,8.123,,56.87
2747673,"Tuna, ahi or yellowfin, frozen, wild caught","Atum ahi ou atum-amarelo, congelado, selvagem",Finfish and Shellfish Products,Peixes e frutos do mar,101.8695,24.7,-0.1045,0.3875,,94.37
2747674,"Turnips, raw","Nabo, cru",Vegetables and Vegetable Products,Hortaliças e produtos vegetais,33.9816,0.953125,7.274975,0.1188,1.915,12.8
2747675,"Watermelon, seedless, flesh only, raw","Melancia sem sementes, somente polpa, crua",Fruits and Fruit Juices,Frutas e sucos de frutas,,0.87125,,,,0
2747676,"Watermelon, seedless, rind only, raw","Melancia sem sementes, somente casca, crua",Fruits and Fruit Juices,Frutas e sucos de frutas,19.419,0.53125,4.166,0.07,1.535,3.763
2758975,"Rhubarb, stalk, raw","Ruibarbo, talo, cru",Fruits and Fruit Juices,Frutas e sucos de frutas,,,,,1.428,0
2758976,"Cranberries, dried, sweetened",Cranberry seco e adoçado,Fruits and Fruit Juices,Frutas e sucos de frutas,,,,,4.36,4.66
2758977,"Grapefruit, raw","Toranja, crua",Fruits and Fruit Juices,Frutas e sucos de frutas,,,,,0.6525,0
2758978,"Plums, dried (prunes), uncooked","Ameixa seca, não cozida",Fruits and Fruit Juices,Frutas e sucos de frutas,,,,,6.251,0.85
2758979,"Raisins, golden, seedless","Uva-passa dourada, sem sementes",Fruits and Fruit Juices,Frutas e sucos de frutas,,,,,3.006,13.26
2758980,"Raisins, dark, seedless","Uva-passa escura, sem sementes",Fruits and Fruit Juices,Frutas e sucos de frutas,,,,,3.679,13.17
2758981,"Edamame, frozen, prepared","Edamame, congelado, preparado",Vegetables and Vegetable Products,Hortaliças e produtos vegetais,,,,,6.233,15.17
2758982,"Baked beans, Original, canned, with pork","Feijão assado, Original, enlatado, com carne suína",Legumes and Legume Products,Leguminosas e derivados,,,,,3.547,
2758983,"Beans, baked, canned, vegetarian","Feijão assado, enlatado, vegetariano",Legumes and Legume Products,Leguminosas e derivados,,,,,4.233,
2758984,"Refried beans, canned (pinto)","Feijão pinto refrito, enlatado",Legumes and Legume Products,Leguminosas e derivados,,,,,3.868,
2758985,"Refried beans, canned, vegetarian","Feijão refrito, enlatado, vegetariano",Legumes and Legume Products,Leguminosas e derivados,,,,,3.91,281
2758986,"Mayonnaise, Regular",Maionese tradicional,Fats and Oils,Gorduras e óleos,,,,,,
2758987,"Salad dressing, Italian dressing, commercial, regular","Molho para salada italiano, comercial, tradicional",Fats and Oils,Gorduras e óleos,,,,,,
2758988,"Dressing, Ranch",Molho ranch,Fats and Oils,Gorduras e óleos,,,,,,
2758989,"Peanut butter, Creamy","Pasta de amendoim, cremosa",Legumes and Legume Products,Leguminosas e derivados,,,,,5.178,
2758990,Sweetened condensed milk,Leite condensado adoçado,Dairy and Egg Products,Laticínios e ovos,,,,,,
2758991,"Bologna, beef",Mortadela bovina,Sausages and Luncheon Meats,Embutidos e carnes frias,,,,,,
2758992,"Bologna, classic",Mortadela clássica,Sausages and Luncheon Meats,Embutidos e carnes frias,,,,,,
2758993,"Bread, white, commercial","Pão branco, comercial",Baked Products,Produtos de panificação,,,,,,419.7
2758994,"Bread, 100% whole wheat, commercial","Pão 100% integral, comercial",Baked Products,Produtos de panificação,,,,,,408.2
2758995,"Bread, mulitgrain, commercial","Pão multigrãos, comercial",Baked Products,Produtos de panificação,,,,,,400.5
2758996,"Tortilla, wheat flour, shelf stable","Tortilha de farinha de trigo, longa vida",Baked Products,Produtos de panificação,,,,,,730.5
2758997,"Tortilla, corn, shelf stable","Tortilha de milho, longa vida",Baked Products,Produtos de panificação,,,,,,34.91
2758998,"Pasta, dry, enriched, spaghetti","Macarrão seco enriquecido, espaguete",Cereal Grains and Pasta,Cereais e massas,,,,,,2.406
2758999,"Pasta, dry, whole grain, spaghetti","Macarrão seco integral, espaguete",Cereal Grains and Pasta,Cereais e massas,,,,,,
2759000,"Pasta, dry, whole grain, spaghetti ","Macarrão seco integral, espaguete",Cereal Grains and Pasta,Cereais e massas,,,,,,4.583
2759001,"Lunchmeat, turkey, oven roasted, sliced","Frios de peru, assados no forno, fatiados",Sausages and Luncheon Meats,Embutidos e carnes frias,,,,,,
2759002,"Lunchmeat, ham, black forest, sliced","Frios de presunto tipo Floresta Negra, fatiados",Sausages and Luncheon Meats,Embutidos e carnes frias,,,,,,
2759003,"Lunchmeat, roast beef, sliced, prepackaged","Frios de rosbife, fatiados, pré-embalados",Sausages and Luncheon Meats,Embutidos e carnes frias,,,,,,
2759004,"Lunchmeat, chicken breast, sliced","Frios de peito de frango, fatiados",Sausages and Luncheon Meats,Embutidos e carnes frias,,,,,,
2759005,"Salami, hard, sliced","Salame duro, fatiado",Sausages and Luncheon Meats,Embutidos e carnes frias,,,,,,
2759006,"Pepperoni, beef and pork, sliced","Pepperoni bovino e suíno, fatiado",Sausages and Luncheon Meats,Embutidos e carnes frias,,,,,,
2768188,"Alaska Pollock, raw","Pollock-do-alasca, cru",Finfish and Shellfish Products,Peixes e frutos do mar,78.4785,17.33,0.0565,0.9925,0,114.8
